{
    "faces":[35,0,1,2,3,0,0,0,0,0,35,4,5,6,7,0,1,1,1,1,35,8,9,10,11,1,2,2,2,2,35,12,13,14,15,2,2,2,2,2,35,16,17,18,19,1,0,0,0,0,35,20,21,22,23,1,3,3,3,3,35,24,25,26,27,0,1,1,1,1,35,28,29,30,31,1,1,1,1,1,35,32,33,34,35,2,0,0,0,0,35,36,37,38,39,0,1,1,1,1,35,40,41,42,43,2,1,1,1,1,35,44,45,46,47,2,1,1,1,1,35,48,49,50,51,2,4,5,4,4,35,52,53,54,55,2,4,5,4,4,35,56,57,58,59,2,4,4,4,4,35,60,61,62,63,1,6,6,6,6,35,64,65,66,67,1,7,7,7,7,35,68,69,70,71,1,8,8,8,8,35,72,73,74,75,1,9,9,9,9,35,76,77,78,79,2,1,1,1,1,35,80,81,82,83,1,10,10,10,10,35,84,85,86,87,1,11,11,11,11,35,88,89,90,91,2,3,3,3,3,35,92,93,94,95,1,4,4,5,4,35,96,97,98,99,1,12,12,12,12,35,100,101,102,103,1,13,13,13,13,35,104,105,106,107,2,5,4,4,4,35,108,109,110,111,2,4,4,4,4,35,112,113,114,115,1,4,4,5,5,35,116,117,118,119,1,4,4,4,4,35,120,121,122,123,1,5,4,4,4,35,124,125,126,127,1,4,4,5,4,35,128,129,130,131,1,4,4,4,4,35,132,133,134,135,1,4,4,4,4,35,136,137,138,139,1,4,4,4,5,35,140,141,142,143,1,4,4,4,5,35,144,145,146,147,1,4,4,5,4,35,148,149,150,151,1,4,4,4,5,35,152,153,154,155,1,4,4,5,4,35,156,157,158,159,2,4,4,4,4,35,160,161,162,163,2,4,5,5,4,35,164,165,166,167,2,4,5,4,4,35,168,169,170,171,2,3,3,3,3,35,172,173,174,175,2,3,3,3,3,35,176,177,178,179,0,3,3,3,3,35,180,181,182,183,0,3,3,3,3,35,184,185,186,187,2,4,4,4,4,35,188,189,190,191,2,4,4,4,4,35,192,193,194,195,2,2,2,2,2,35,196,197,198,199,2,2,2,2,2,35,200,201,202,203,0,2,2,2,2,35,204,205,206,207,0,2,2,2,2,35,208,209,210,211,2,4,4,5,4,35,212,213,214,215,2,4,4,4,4,35,216,217,218,219,2,0,0,0,0,35,220,221,222,223,2,0,0,0,0,35,224,225,226,227,0,0,0,0,0,35,228,229,230,231,0,0,0,0,0,35,232,233,234,235,0,2,2,2,2,35,236,237,238,239,0,3,3,3,3],
    "normals":[0,0,1,-1,0,0,1,0,0,0,0,-1,0,1,0,0,0.999969,0,0.499985,0,0.866024,-0.866024,0,0.499985,-0.499985,0,0.866024,0.866024,0,0.499985,-0.499985,0,-0.866024,-0.866024,0,-0.499985,0.866024,0,-0.499985,0.499985,0,-0.866024],
    "vertices":[0.237535,0.392912,-0.554249,0.237535,-0.392912,-0.554249,0.554249,-0.392912,-0.554249,0.554249,0.392912,-0.554249,0.554249,0.392912,0.237535,0.554249,-0.392912,0.237535,0.554249,-0.392912,0.554249,0.554249,0.392912,0.554249,0.988007,-0.195687,-0.739118,0.988007,0.452936,-0.739118,0.988006,0.452936,0.739119,0.988006,-0.195687,0.739119,-0.554249,0.392912,-0.237535,-0.554249,0.392912,-0.554249,-0.554249,0.452936,-0.554249,-0.554249,0.452936,-0.237535,0.739118,-0.195687,0.988007,0.739118,0.452936,0.988007,-0.739118,0.452936,0.988006,-0.739118,-0.195687,0.988006,-0.739118,-0.195687,-0.988007,-0.739118,0.452936,-0.988007,0.739119,0.452936,-0.988006,0.739119,-0.195687,-0.988006,0.554249,0.392912,-0.237535,0.554249,-0.392912,-0.237535,0.554249,-0.392912,0.237535,0.554249,0.392912,0.237535,-0.988006,-0.195687,-0.739118,-0.988007,-0.195687,0.739118,-0.988007,0.452936,0.739118,-0.988006,0.452936,-0.739118,0.237535,0.392912,-0.554249,0.554249,0.392912,-0.554249,0.554249,0.452936,-0.554249,0.237535,0.452936,-0.554249,0.554249,0.392912,-0.554249,0.554249,-0.392912,-0.554249,0.554249,-0.392912,-0.237535,0.554249,0.392912,-0.237535,0.554249,0.392912,0.237535,0.554249,0.452936,0.237535,0.554249,0.452936,-0.237535,0.554249,0.392912,-0.237535,0.554249,0.392912,-0.554249,0.554249,0.392912,-0.237535,0.554249,0.452936,-0.237535,0.554249,0.452936,-0.554249,-0.83715,0.452936,-0.83715,-0.906377,0.452936,-0.717246,-0.554249,0.452936,-0.237535,-0.554249,0.452936,-0.554249,-0.237535,0.452936,-0.554249,-0.717246,0.452936,-0.906377,-0.83715,0.452936,-0.83715,-0.554249,0.452936,-0.554249,-0.717246,0.452936,-0.906377,-0.237535,0.452936,-0.554249,0.237535,0.452936,-0.554249,0.717246,0.452936,-0.906377,0.896907,0.452936,0.896908,0.739118,0.452936,0.988007,0.739118,-0.195687,0.988007,0.896907,-0.195687,0.896908,-0.988007,-0.195687,0.739118,-0.896907,-0.195687,0.896907,-0.896907,0.452936,0.896907,-0.988007,0.452936,0.739118,-0.896907,-0.195687,0.896907,-0.739118,-0.195687,0.988006,-0.739118,0.452936,0.988006,-0.896907,0.452936,0.896907,0.988006,0.452936,0.739119,0.896907,0.452936,0.896908,0.896907,-0.195687,0.896908,0.988006,-0.195687,0.739119,0.554249,0.392912,0.237535,0.554249,0.392912,0.554249,0.554249,0.452936,0.554249,0.554249,0.452936,0.237535,-0.739118,0.452936,-0.988007,-0.739118,-0.195687,-0.988007,-0.896907,-0.195687,-0.896907,-0.896907,0.452936,-0.896907,-0.988006,0.452936,-0.739118,-0.896907,0.452936,-0.896907,-0.896907,-0.195687,-0.896907,-0.988006,-0.195687,-0.739118,-0.237535,0.392912,0.554249,-0.554249,0.392912,0.554249,-0.554249,0.452936,0.554249,-0.237535,0.452936,0.554249,-0.83715,0.452936,0.83715,-0.906377,0.452936,0.717245,-0.988007,0.452936,0.739118,-0.896907,0.452936,0.896907,0.988007,-0.195687,-0.739118,0.896907,-0.195687,-0.896907,0.896907,0.452936,-0.896907,0.988007,0.452936,-0.739118,0.739119,-0.195687,-0.988006,0.739119,0.452936,-0.988006,0.896907,0.452936,-0.896907,0.896907,-0.195687,-0.896907,0.554249,0.452936,-0.554249,0.837151,0.452936,-0.83715,0.717246,0.452936,-0.906377,0.237535,0.452936,-0.554249,0.554249,0.452936,-0.237535,0.906377,0.452936,-0.717245,0.837151,0.452936,-0.83715,0.554249,0.452936,-0.554249,0.717245,0.452936,0.906377,-0.717246,0.452936,0.906377,-0.739118,0.452936,0.988006,0.739118,0.452936,0.988007,0.83715,0.452936,0.837151,0.717245,0.452936,0.906377,0.739118,0.452936,0.988007,0.896907,0.452936,0.896908,0.906377,0.452936,0.717246,0.83715,0.452936,0.837151,0.896907,0.452936,0.896908,0.988006,0.452936,0.739119,-0.717246,0.452936,0.906377,-0.83715,0.452936,0.83715,-0.896907,0.452936,0.896907,-0.739118,0.452936,0.988006,0.717246,0.452936,-0.906377,0.837151,0.452936,-0.83715,0.896907,0.452936,-0.896907,0.739119,0.452936,-0.988006,-0.717246,0.452936,-0.906377,0.717246,0.452936,-0.906377,0.739119,0.452936,-0.988006,-0.739118,0.452936,-0.988007,-0.83715,0.452936,-0.83715,-0.717246,0.452936,-0.906377,-0.739118,0.452936,-0.988007,-0.896907,0.452936,-0.896907,-0.906377,0.452936,-0.717246,-0.83715,0.452936,-0.83715,-0.896907,0.452936,-0.896907,-0.988006,0.452936,-0.739118,-0.906377,0.452936,0.717245,-0.906377,0.452936,-0.717246,-0.988006,0.452936,-0.739118,-0.988007,0.452936,0.739118,0.906377,0.452936,-0.717245,0.906377,0.452936,0.717246,0.988006,0.452936,0.739119,0.988007,0.452936,-0.739118,0.837151,0.452936,-0.83715,0.906377,0.452936,-0.717245,0.988007,0.452936,-0.739118,0.896907,0.452936,-0.896907,0.906377,0.452936,0.717246,0.906377,0.452936,-0.717245,0.554249,0.452936,-0.237535,0.554249,0.452936,0.237535,0.554249,0.452936,0.554249,0.83715,0.452936,0.837151,0.906377,0.452936,0.717246,0.554249,0.452936,0.237535,0.237535,0.452936,0.554249,0.717245,0.452936,0.906377,0.83715,0.452936,0.837151,0.554249,0.452936,0.554249,0.554249,0.392912,0.554249,0.237535,0.392912,0.554249,0.237535,0.452936,0.554249,0.554249,0.452936,0.554249,-0.237535,0.392912,0.554249,-0.237535,0.452936,0.554249,0.237535,0.452936,0.554249,0.237535,0.392912,0.554249,0.554249,-0.392912,0.554249,0.237535,-0.392912,0.554249,0.237535,0.392912,0.554249,0.554249,0.392912,0.554249,0.237535,-0.392912,0.554249,-0.237535,-0.392912,0.554249,-0.237535,0.392912,0.554249,0.237535,0.392912,0.554249,-0.554249,0.452936,0.554249,-0.83715,0.452936,0.83715,-0.717246,0.452936,0.906377,-0.237535,0.452936,0.554249,-0.717246,0.452936,0.906377,0.717245,0.452936,0.906377,0.237535,0.452936,0.554249,-0.237535,0.452936,0.554249,-0.554249,0.392912,0.237535,-0.554249,0.452936,0.237535,-0.554249,0.452936,0.554249,-0.554249,0.392912,0.554249,-0.554249,0.392912,-0.237535,-0.554249,0.452936,-0.237535,-0.554249,0.452936,0.237535,-0.554249,0.392912,0.237535,-0.554249,-0.392912,0.554249,-0.554249,-0.392912,0.237535,-0.554249,0.392912,0.237535,-0.554249,0.392912,0.554249,-0.554249,-0.392912,0.237535,-0.554249,-0.392912,-0.237535,-0.554249,0.392912,-0.237535,-0.554249,0.392912,0.237535,-0.554249,0.452936,0.237535,-0.906377,0.452936,0.717245,-0.83715,0.452936,0.83715,-0.554249,0.452936,0.554249,-0.906377,0.452936,-0.717246,-0.906377,0.452936,0.717245,-0.554249,0.452936,0.237535,-0.554249,0.452936,-0.237535,-0.237535,0.392912,-0.554249,-0.237535,